Nomor,Nama File,Due Date,PO Number,Tel,Email,Site,SUB_TOTAL,DISCOUNT,TAX,TOTAL,Bank Name,Branch Name,Bank Account Number,Bank Swift Code
1,Template1_Instance0.jpg,16-Oct-2016,35,+(352)259-8443,melvin40@example.net,http://smith.org/,725.30 EUR,(-) 13.42,VAT (3.88%): 28.18 EUR,734.33 EUR,State Bank of California,Raf CAMP,11695435,SBININBB250
2,Template1_Instance1.jpg,25-Nov-1999,76,+(038)419-8330,millschristopher@example.com,https://www.cole.com/,1302.22 EUR,(-) 27.35,VAT (6.40%): 83.40 EUR,1357.49 EUR,Central Bank of Texas,Raf CAMP,15150488,SBININBB250
3,Template1_Instance10.jpg,20-Jun-1995,46,+(675)553-3428,baileygary@example.net,https://www.mccormick.com/,735.29 EUR,(-) 26.99,VAT (3.10%): 22.77 EUR,744.38 EUR,Central Bank of Europe,Raf CAMP,10180775,SBININBB250
4,Template1_Instance100.jpg,14-Aug-2009,27,+(080)666-8294,mcdanielchristopher@example.net,https://west.com/,965.24 EUR,(-) 27.99,VAT (3.36%): 32.47 EUR,967.02 EUR,State Bank of Europe,Raf CAMP,16382672,SBININBB250
5,Template1_Instance101.jpg,16-May-2012,04,+(792)992-4731,chelseaunderwood@example.com,http://rivera.info/,614.54 USD,(-) 21.2,VAT (4.18%): 25.68 USD,626.27 USD,Central Bank of Europe,Raf CAMP,17025461,SBININBB250
6,Template1_Instance102.jpg,25-Sep-2020,98,+(811)045-2978,ymills@example.org,http://wells-woodward.com/,435.82 USD,(-) 20.83,VAT (4.70%): 20.49 USD,444.46 USD,Central Bank of Europe,Raf CAMP,17190279,SBININBB250
7,Template1_Instance103.jpg,24-Feb-2022,25,+(832)234-6947,allenwilliam@example.org,http://www.stafford.org/,805.87 EUR,(-) 37.71,VAT (6.27%): 50.52 EUR,839.31 EUR,State Bank of Texas,Raf CAMP,17572158,SBININBB250
8,Template1_Instance104.jpg,12-Apr-2014,93,+(295)244-9610,nicole58@example.net,https://garcia.org/,632.25 USD,(-) 26.18,VAT (3.80%): 24.03 USD,647.37 USD,State Bank of Europe,Raf CAMP,13004366,SBININBB250
9,Template1_Instance105.jpg,08-May-2006,08,+(323)014-8128,brendayu@example.com,https://bryan.net/,563.26 EUR,(-) 17.74,VAT (6.42%): 36.17 EUR,586.14 EUR,State Bank of California,Raf CAMP,17902802,SBININBB250
10,Template1_Instance106.jpg,11-Feb-2015,35,+(415)871-5401,barrygarcia@example.com,https://richardson.com/,449.17 EUR,(-) 20.8,VAT (5.41%): 24.31 EUR,452.82 EUR,Central Bank of Europe,Raf CAMP,13525779,SBININBB250
11,Template1_Instance107.jpg,21-May-2016,99,+(969)127-3134,fordangel@example.net,https://woods.com/,311.26 USD,(-) 12.48,VAT (4.18%): 13.03 USD,312.12 USD,Central Bank of Europe,Raf CAMP,11883890,SBININBB250
12,Template1_Instance108.jpg,31-Jan-2011,03,+(752)892-6097,ewashington@example.com,https://foley-hodges.info/,324.71 USD,(-) 12.31,VAT (4.89%): 15.88 USD,334.06 USD,State Bank of California,Raf CAMP,13133219,SBININBB250
13,Template1_Instance109.jpg,23-Mar-1999,24,+(187)657-2210,michellemorales@example.net,https://rodriguez.com/,755.30 USD,(-) 31.95,VAT (3.67%): 27.75 USD,748.38 USD,Central Bank of Europe,Raf CAMP,17938157,SBININBB250
14,Template1_Instance11.jpg,23-May-2000,99,+(908)834-1601,johnsonkarina@example.org,http://livingston.com/,286.76 $,(-) 12.7,VAT (5.35%): 15.34 $,291.69 $,State Bank of Texas,Raf CAMP,18865073,SBININBB250
15,Template1_Instance110.jpg,18-Mar-2001,10,+(662)466-0405,jgomez@example.net,https://oconnor.biz/,563.12 $,(-) 21.57,VAT (3.47%): 19.52 $,572.33 $,Central Bank of England,Raf CAMP,10624895,SBININBB250
16,Template1_Instance111.jpg,15-May-2012,72,+(231)241-1554,joseph84@example.org,https://www.good-mills.com/,614.49 USD,(-) 11.0,VAT (6.07%): 37.30 USD,641.71 USD,Central Bank of California,Raf CAMP,19761845,SBININBB250
17,Template1_Instance112.jpg,05-Oct-2019,30,+(087)543-3832,pollardregina@example.net,https://jones.com/,697.36 $,(-) 25.59,VAT (5.86%): 40.89 $,730.72 $,Central Bank of USA,Raf CAMP,15325482,SBININBB250
18,Template1_Instance113.jpg,22-Jun-2016,97,+(886)174-7011,deandavis@example.net,https://ramirez.com/,1062.43 EUR,(-) 19.34,VAT (6.95%): 73.83 EUR,1099.50 EUR,State Bank of Texas,Raf CAMP,16589670,SBININBB250
19,Template1_Instance114.jpg,28-Sep-2018,01,+(002)538-1949,davidsonrobert@example.com,https://www.petersen.com/,1472.62 EUR,(-) 35.34,VAT (5.66%): 83.40 EUR,1540.85 EUR,Central Bank of Texas,Raf CAMP,15290172,SBININBB250
20,Template1_Instance115.jpg,24-Oct-1993,94,+(863)858-4235,jefferytorres@example.org,https://www.gordon.com/,392.21 USD,(-) 15.81,VAT (6.14%): 24.10 USD,406.86 USD,Central Bank of England,Raf CAMP,15266855,SBININBB250
21,Template1_Instance116.jpg,06-Dec-1997,94,+(810)203-4116,vbarnes@example.org,https://ortiz.com/,592.65 EUR,(-) 22.64,VAT (4.33%): 25.66 EUR,590.93 EUR,State Bank of Europe,Raf CAMP,18582412,SBININBB250
22,Template1_Instance117.jpg,21-Oct-2019,21,+(028)833-4920,david19@example.org,http://www.mccoy.com/,402.81 EUR,(-) 18.49,VAT (3.70%): 14.89 EUR,410.09 EUR,State Bank of California,Raf CAMP,12221993,SBININBB250
23,Template1_Instance118.jpg,08-Dec-1995,65,+(246)174-5374,heather60@example.org,https://www.russell.net/,693.05 $,(-) 9.01,VAT (3.64%): 25.22 $,702.75 $,State Bank of California,Raf CAMP,18023691,SBININBB250
24,Template1_Instance119.jpg,14-Jun-2004,72,+(845)461-8730,tiffany03@example.net,https://moore-navarro.biz/,646.73 USD,(-) 9.57,VAT (3.90%): 25.20 USD,649.68 USD,Central Bank of Texas,Raf CAMP,17045952,SBININBB250
25,Template1_Instance12.jpg,09-Sep-2010,49,+(221)488-0938,rsmith@example.net,http://www.morton.com/,227.73 EUR,(-) 6.42,VAT (4.34%): 9.89 EUR,234.82 EUR,Central Bank of Europe,Raf CAMP,13551954,SBININBB250
26,Template1_Instance120.jpg,13-Jul-1994,52,+(033)681-2164,dsullivan@example.net,http://www.martin-graves.com/,757.26 USD,(-) 23.25,VAT (4.08%): 30.87 USD,774.65 USD,Central Bank of Europe,Raf CAMP,12950959,SBININBB250
27,Template1_Instance121.jpg,08-Apr-2002,89,+(809)025-1003,erin98@example.org,https://bauer.com/,311.00 $,(-) 7.9,VAT (6.92%): 21.54 $,323.05 $,Central Bank of England,Raf CAMP,13141281,SBININBB250
28,Template1_Instance122.jpg,17-Nov-2007,26,+(711)929-7120,eray@example.com,https://www.andrews.com/,1104.03 $,(-) 21.42,VAT (6.84%): 75.50 $,1153.59 $,State Bank of England,Raf CAMP,13374102,SBININBB250
29,Template1_Instance123.jpg,07-Feb-2013,09,+(050)147-0550,williamsdavid@example.org,http://rodriguez.com/,227.51 $,(-) 4.21,VAT (6.25%): 14.23 $,232.64 $,State Bank of England,Raf CAMP,18702862,SBININBB250
30,Template1_Instance124.jpg,28-Jul-2019,61,+(298)570-1377,fnavarro@example.org,https://www.greer.com/,701.48 $,(-) 24.55,VAT (4.06%): 28.48 $,713.48 $,State Bank of England,Raf CAMP,16279311,SBININBB250
31,Template1_Instance125.jpg,03-Jun-2022,87,+(221)186-9890,kenneth00@example.net,https://www.weaver-gutierrez.biz/,641.25 USD,(-) 13.72,VAT (4.28%): 27.42 USD,644.88 USD,State Bank of England,Raf CAMP,12271265,SBININBB250
32,Template1_Instance126.jpg,21-Jul-2016,77,+(146)412-6529,brandonramirez@example.net,http://mcgrath.com/,1983.92 $,(-) 88.88,VAT (4.53%): 89.83 $,1981.50 $,Central Bank of Texas,Raf CAMP,18131117,SBININBB250
33,Template1_Instance127.jpg,19-Apr-1994,78,+(798)086-9546,otaylor@example.org,http://williams-rivera.com/,624.36 $,(-) 19.17,VAT (6.02%): 37.56 $,633.76 $,Central Bank of England,Raf CAMP,12675968,SBININBB250
34,Template1_Instance128.jpg,18-Dec-2019,29,+(874)007-6957,bellnatasha@example.org,http://wu.net/,1200.66 EUR,(-) 32.54,VAT (5.33%): 63.97 EUR,1239.06 EUR,Central Bank of California,Raf CAMP,13889914,SBININBB250
35,Template1_Instance129.jpg,26-Dec-2019,04,+(885)392-1656,dianemiller@example.com,http://www.stephenson.com/,1181.96 $,(-) 44.8,VAT (4.41%): 52.07 $,1178.95 $,State Bank of Europe,Raf CAMP,10386188,SBININBB250
36,Template1_Instance13.jpg,28-Dec-1994,09,+(469)618-2664,thomasgregg@example.net,https://www.allen-kaufman.org/,281.20 EUR,(-) 11.22,VAT (5.84%): 16.43 EUR,284.50 EUR,State Bank of England,Raf CAMP,13380562,SBININBB250
37,Template1_Instance130.jpg,28-Apr-1993,56,+(897)864-9132,lisa19@example.com,http://alvarez.biz/,1355.67 EUR,(-) 45.69,VAT (3.03%): 41.07 EUR,1376.27 EUR,Central Bank of England,Raf CAMP,10917184,SBININBB250
38,Template1_Instance131.jpg,30-Dec-2017,54,+(138)202-5254,simmonsalice@example.org,https://www.hamilton-martinez.com/,303.42 $,(-) 11.89,VAT (3.41%): 10.34 $,309.88 $,State Bank of England,Raf CAMP,13446397,SBININBB250
39,Template1_Instance132.jpg,27-Sep-2020,76,+(588)629-8002,kim50@example.net,http://james.com/,561.52 EUR,(-) 7.81,VAT (5.25%): 29.48 EUR,575.33 EUR,State Bank of England,Raf CAMP,16340389,SBININBB250
40,Template1_Instance133.jpg,03-Jun-2017,08,+(996)341-3640,markjohnson@example.net,http://www.mcdonald.com/,1072.65 $,(-) 20.81,VAT (5.71%): 61.21 $,1084.41 $,Central Bank of England,Raf CAMP,10147412,SBININBB250
41,Template1_Instance134.jpg,10-Oct-2007,44,+(243)650-5469,wyatt50@example.com,http://hays.com/,989.90 USD,(-) 42.76,VAT (3.80%): 37.62 USD,995.35 USD,Central Bank of Texas,Raf CAMP,16972511,SBININBB250
42,Template1_Instance135.jpg,01-Sep-2011,47,+(013)298-9292,ohunt@example.com,https://jackson-costa.com/,288.92 USD,(-) 13.23,VAT (6.72%): 19.42 USD,302.24 USD,State Bank of England,Raf CAMP,19896193,SBININBB250
43,Template1_Instance136.jpg,25-Jun-2003,59,+(673)156-4702,victoria14@example.com,https://www.ortiz.info/,168.44 EUR,(-) 6.62,VAT (6.88%): 11.58 EUR,173.92 EUR,Central Bank of Europe,Raf CAMP,18195184,SBININBB250
44,Template1_Instance137.jpg,13-May-2017,40,+(275)789-9074,jonathan71@example.net,http://harrison.com/,285.96 EUR,(-) 6.86,VAT (3.53%): 10.10 EUR,289.80 EUR,State Bank of Europe,Raf CAMP,16015041,SBININBB250
45,Template1_Instance138.jpg,18-Aug-1998,92,+(255)022-3688,cpeterson@example.net,http://gomez.net/,1218.20 USD,(-) 57.86,VAT (5.77%): 70.31 USD,1241.73 USD,Central Bank of Texas,Raf CAMP,17955135,SBININBB250
46,Template1_Instance139.jpg,28-Jul-2002,17,+(243)611-1546,wfox@example.com,http://www.collins.com/,713.51 $,(-) 18.62,VAT (3.76%): 26.83 $,719.93 $,State Bank of California,Raf CAMP,17750167,SBININBB250
47,Template1_Instance14.jpg,10-Dec-2013,84,+(726)392-3224,tramirez@example.net,http://fleming.com/,668.96 $,(-) 21.94,VAT (6.65%): 44.50 $,691.32 $,State Bank of Europe,Raf CAMP,14081977,SBININBB250
48,Template1_Instance140.jpg,17-May-1997,25,+(749)897-3394,mgibson@example.net,http://www.bailey.com/,156.27 $,(-) 5.67,VAT (4.95%): 7.73 $,159.97 $,State Bank of Texas,Raf CAMP,17399881,SBININBB250
49,Template1_Instance141.jpg,26-Aug-1994,99,+(950)606-1616,kerrpeter@example.net,http://www.livingston.com/,607.66 EUR,(-) 16.59,VAT (5.61%): 34.07 EUR,622.53 EUR,State Bank of California,Raf CAMP,17425856,SBININBB250
50,Template1_Instance142.jpg,03-May-1995,79,+(393)744-3819,marcus04@example.com,https://robinson.com/,897.84 $,(-) 25.05,VAT (5.44%): 48.80 $,902.29 $,Central Bank of Europe,Raf CAMP,16229064,SBININBB250
51,Template1_Instance143.jpg,26-Apr-2004,50,+(109)649-9082,wvaldez@example.org,https://dickson.com/,670.86 EUR,(-) 20.8,VAT (4.75%): 31.89 EUR,692.28 EUR,State Bank of Europe,Raf CAMP,17793668,SBININBB250
52,Template1_Instance144.jpg,03-Dec-2017,53,+(787)285-1421,dennisdecker@example.net,http://www.jones.info/,170.38 USD,(-) 8.08,VAT (3.66%): 6.24 USD,173.72 USD,State Bank of California,Raf CAMP,12970589,SBININBB250
53,Template1_Instance145.jpg,28-Sep-2005,95,+(134)074-9058,marciamaldonado@example.com,https://www.cooper-pearson.com/,503.46 EUR,(-) 14.1,VAT (6.38%): 32.14 EUR,515.97 EUR,State Bank of Europe,Raf CAMP,18377920,SBININBB250
54,Template1_Instance146.jpg,22-Jan-2017,99,+(994)746-4594,jacqueline23@example.net,http://cantu.com/,580.25 USD,(-) 24.08,VAT (6.48%): 37.60 USD,599.75 USD,State Bank of California,Raf CAMP,17658858,SBININBB250
55,Template1_Instance147.jpg,30-Jul-2008,42,+(843)436-8513,jimenezvincent@example.org,http://www.schultz-conley.com/,954.46 USD,(-) 47.15,VAT (5.07%): 48.43 USD,981.41 USD,Central Bank of Europe,Raf CAMP,12279861,SBININBB250
56,Template1_Instance148.jpg,08-Aug-2007,11,+(650)884-2283,cindykaiser@example.net,https://www.davis.com/,173.91 EUR,(-) 6.3,VAT (6.23%): 10.84 EUR,180.28 EUR,State Bank of Europe,Raf CAMP,13703780,SBININBB250
57,Template1_Instance149.jpg,22-Jan-2005,43,+(000)848-3067,medinapaul@example.net,https://www.walton-pacheco.com/,484.41 USD,(-) 21.9,VAT (4.03%): 19.54 USD,497.31 USD,State Bank of California,Raf CAMP,15872208,SBININBB250
58,Template1_Instance15.jpg,07-May-1998,64,+(255)644-5939,thompsonmatthew@example.com,http://www.jackson.com/,808.91 USD,(-) 39.88,VAT (6.06%): 49.00 USD,835.83 USD,Central Bank of California,Raf CAMP,18212245,SBININBB250
59,Template1_Instance150.jpg,23-May-2012,50,+(301)114-1388,wilsondavid@example.org,https://carr.info/,239.18 $,(-) 11.0,VAT (4.75%): 11.35 $,238.81 $,State Bank of England,Raf CAMP,19600859,SBININBB250
60,Template1_Instance151.jpg,12-Mar-2015,14,+(319)551-2386,mbrowning@example.net,http://www.wagner-davis.com/,474.90 $,(-) 14.06,VAT (4.46%): 21.17 $,480.87 $,State Bank of England,Raf CAMP,16156344,SBININBB250
61,Template1_Instance152.jpg,10-Dec-2004,62,+(091)553-6660,diazcraig@example.net,http://sanders-grant.org/,187.90 $,(-) 5.04,VAT (4.30%): 8.08 $,190.81 $,State Bank of USA,Raf CAMP,12730868,SBININBB250
62,Template1_Instance153.jpg,24-Sep-2000,79,+(927)714-9227,jacoblittle@example.net,http://gonzalez-tate.biz/,354.90 USD,(-) 15.9,VAT (5.47%): 19.40 USD,369.01 USD,Central Bank of Europe,Raf CAMP,17994867,SBININBB250
63,Template1_Instance154.jpg,03-Jan-2010,03,+(583)900-6885,douglasmatthew@example.net,http://www.fry.com/,316.03 $,(-) 7.27,VAT (4.60%): 14.54 $,316.95 $,State Bank of USA,Raf CAMP,10144982,SBININBB250
64,Template1_Instance155.jpg,19-May-2016,24,+(756)499-9090,kristin11@example.net,http://www.harding.com/,609.12 EUR,(-) 20.28,VAT (5.32%): 32.43 EUR,616.94 EUR,State Bank of California,Raf CAMP,10354619,SBININBB250
65,Template1_Instance156.jpg,21-Nov-1993,19,+(151)422-0492,breanna06@example.org,http://www.miller-jones.info/,795.31 EUR,(-) 33.4,VAT (6.64%): 52.81 EUR,810.02 EUR,Central Bank of Texas,Raf CAMP,18937705,SBININBB250
66,Template1_Instance157.jpg,13-Mar-2002,52,+(567)291-2696,cbarnes@example.org,http://www.stone.com/,1143.19 $,(-) 47.1,VAT (3.82%): 43.67 $,1153.71 $,State Bank of Texas,Raf CAMP,18363821,SBININBB250
67,Template1_Instance158.jpg,04-Feb-2014,46,+(600)077-3163,ldennis@example.net,http://watson.biz/,86.50 EUR,(-) 1.51,VAT (5.12%): 4.43 EUR,89.57 EUR,Central Bank of Texas,Raf CAMP,15129883,SBININBB250
68,Template1_Instance159.jpg,11-Jun-2014,10,+(844)968-4528,dawn66@example.net,http://rodriguez.com/,807.94 USD,(-) 19.07,VAT (5.24%): 42.35 USD,839.38 USD,State Bank of USA,Raf CAMP,13298844,SBININBB250
69,Template1_Instance16.jpg,20-Mar-2022,19,+(230)837-6011,kevin82@example.org,https://www.blackwell.com/,1268.11 $,(-) 15.72,VAT (5.83%): 73.98 $,1305.31 $,Central Bank of Texas,Raf CAMP,19514786,SBININBB250
70,Template1_Instance160.jpg,31-Aug-2014,40,+(105)718-2138,laura13@example.com,http://braun.com/,249.87 $,(-) 7.85,VAT (4.86%): 12.15 $,254.50 $,State Bank of England,Raf CAMP,17422639,SBININBB250
71,Template1_Instance161.jpg,16-Sep-1997,65,+(931)638-6287,colleencarter@example.net,http://www.palmer.com/,618.89 EUR,(-) 25.44,VAT (6.75%): 41.76 EUR,630.20 EUR,State Bank of USA,Raf CAMP,14451276,SBININBB250
72,Template1_Instance162.jpg,19-Aug-1995,84,+(635)255-6209,meganlopez@example.com,https://lloyd.org/,490.48 $,(-) 18.83,VAT (3.11%): 15.27 $,494.57 $,Central Bank of California,Raf CAMP,10041163,SBININBB250
73,Template1_Instance163.jpg,25-Apr-2006,67,+(568)061-9778,felicia16@example.net,https://www.daugherty-west.info/,491.09 EUR,(-) 22.59,VAT (4.17%): 20.47 EUR,488.97 EUR,Central Bank of California,Raf CAMP,19260637,SBININBB250
74,Template1_Instance164.jpg,11-Nov-2022,64,+(829)769-6056,stuartsue@example.org,http://www.hoffman-scott.com/,603.54 EUR,(-) 9.23,VAT (3.23%): 19.52 EUR,613.64 EUR,Central Bank of Texas,Raf CAMP,10133392,SBININBB250
75,Template1_Instance165.jpg,23-Feb-2012,89,+(813)475-5416,patricia86@example.org,https://www.deleon.com/,173.25 EUR,(-) 5.53,VAT (3.96%): 6.85 EUR,176.69 EUR,Central Bank of Texas,Raf CAMP,15631840,SBININBB250
76,Template1_Instance166.jpg,03-Feb-1999,34,+(182)419-3761,smithrichard@example.org,http://www.stone.com/,318.08 USD,(-) 13.2,VAT (6.24%): 19.83 USD,330.18 USD,State Bank of Texas,Raf CAMP,10936049,SBININBB250
77,Template1_Instance167.jpg,08-Oct-2010,88,+(779)201-2391,millerdavid@example.net,http://garner.com/,1083.48 USD,(-) 34.45,VAT (3.45%): 37.41 USD,1097.27 USD,State Bank of Texas,Raf CAMP,16905185,SBININBB250
78,Template1_Instance168.jpg,29-Jul-2000,45,+(414)569-5914,zgraham@example.com,https://mason.com/,310.54 EUR,(-) 12.33,VAT (6.85%): 21.29 EUR,328.29 EUR,State Bank of England,Raf CAMP,15982634,SBININBB250
79,Template1_Instance169.jpg,13-Apr-2003,67,+(196)667-3026,kpatterson@example.org,http://clark.com/,257.73 USD,(-) 11.96,VAT (5.20%): 13.40 USD,258.81 USD,State Bank of Texas,Raf CAMP,18960779,SBININBB250
80,Template1_Instance17.jpg,16-Feb-2004,36,+(888)197-2951,pamjones@example.com,http://doyle-buckley.org/,197.07 EUR,(-) 8.59,VAT (6.08%): 11.98 EUR,205.29 EUR,State Bank of USA,Raf CAMP,13031947,SBININBB250
81,Template1_Instance170.jpg,22-Dec-2007,14,+(649)883-1934,charlesnguyen@example.net,http://pitts.com/,604.06 EUR,(-) 29.42,VAT (6.63%): 40.03 EUR,626.21 EUR,Central Bank of Europe,Raf CAMP,12187667,SBININBB250
82,Template1_Instance171.jpg,06-Nov-2020,19,+(444)202-9631,reevesralph@example.org,https://www.wilson.com/,968.32 USD,(-) 35.83,VAT (4.70%): 45.48 USD,973.61 USD,Central Bank of USA,Raf CAMP,10757168,SBININBB250
83,Template1_Instance172.jpg,31-May-1994,97,+(979)150-8652,rothandrew@example.com,http://www.ruiz.info/,714.32 $,(-) 11.36,VAT (6.52%): 46.59 $,750.48 $,Central Bank of England,Raf CAMP,14125124,SBININBB250
84,Template1_Instance173.jpg,16-Jun-2022,63,+(469)198-3047,andredoyle@example.net,http://www.fuller.com/,608.44 $,(-) 22.09,VAT (6.67%): 40.55 $,620.64 $,Central Bank of Europe,Raf CAMP,14484210,SBININBB250
85,Template1_Instance174.jpg,25-Apr-2021,59,+(084)727-3706,johnny58@example.com,http://www.harrison.biz/,524.28 EUR,(-) 22.65,VAT (4.33%): 22.71 EUR,521.25 EUR,Central Bank of Europe,Raf CAMP,16351098,SBININBB250
86,Template1_Instance175.jpg,03-Sep-1996,51,+(445)550-8759,chart@example.org,https://www.marks-mccarthy.com/,700.94 USD,(-) 26.92,VAT (3.57%): 25.04 USD,694.09 USD,Central Bank of England,Raf CAMP,18435009,SBININBB250
87,Template1_Instance176.jpg,17-Jul-2016,49,+(305)148-5058,michael96@example.net,https://taylor.com/,514.40 $,(-) 18.57,VAT (5.14%): 26.43 $,522.11 $,Central Bank of Texas,Raf CAMP,15422909,SBININBB250
88,Template1_Instance177.jpg,14-Jul-2009,01,+(163)419-9491,chavezamy@example.net,http://www.weaver.com/,526.54 $,(-) 23.54,VAT (3.28%): 17.30 $,535.57 $,Central Bank of Europe,Raf CAMP,18943554,SBININBB250
89,Template1_Instance178.jpg,22-Jun-2015,43,+(028)730-9623,ramirezpatrick@example.org,https://hall-nelson.com/,812.37 $,(-) 18.6,VAT (6.53%): 53.01 $,832.89 $,State Bank of Europe,Raf CAMP,10778796,SBININBB250
90,Template1_Instance179.jpg,29-Jul-2004,52,+(493)280-7230,uadams@example.org,http://www.brooks.org/,647.06 $,(-) 16.82,VAT (6.70%): 43.35 $,676.89 $,Central Bank of Europe,Raf CAMP,14100655,SBININBB250
91,Template1_Instance18.jpg,06-Apr-1994,91,+(183)928-6209,zbond@example.org,http://www.johnson.com/,1191.29 $,(-) 12.51,VAT (3.26%): 38.78 $,1210.29 $,Central Bank of Europe,Raf CAMP,17814939,SBININBB250
92,Template1_Instance180.jpg,10-Mar-1997,54,+(246)369-4417,gibbsheather@example.org,http://www.robinson.com/,589.02 USD,(-) 21.62,VAT (5.51%): 32.45 USD,603.15 USD,State Bank of Texas,Raf CAMP,14192058,SBININBB250
93,Template1_Instance181.jpg,04-Sep-2014,46,+(618)787-1930,russellteresa@example.com,http://armstrong-zuniga.net/,383.41 USD,(-) 11.54,VAT (4.65%): 17.83 USD,387.02 USD,State Bank of Europe,Raf CAMP,13658828,SBININBB250
94,Template1_Instance182.jpg,03-Nov-1997,84,+(030)729-8982,walkerjessica@example.org,https://www.curry.com/,156.64 USD,(-) 2.98,VAT (4.57%): 7.16 USD,162.12 USD,Central Bank of England,Raf CAMP,11943069,SBININBB250
95,Template1_Instance183.jpg,01-Aug-2007,14,+(148)134-0488,kevin49@example.com,https://www.zuniga-moore.com/,1942.43 USD,(-) 68.96,VAT (4.00%): 77.75 USD,1940.54 USD,Central Bank of California,Raf CAMP,14509879,SBININBB250
96,Template1_Instance184.jpg,09-Apr-2001,13,+(264)184-5400,olivertammy@example.org,https://www.rodriguez.info/,218.73 $,(-) 6.89,VAT (6.83%): 14.95 $,228.17 $,State Bank of USA,Raf CAMP,11969379,SBININBB250
97,Template1_Instance185.jpg,30-Jul-2021,40,+(301)011-9768,harrisongerald@example.org,https://newton.com/,727.40 USD,(-) 28.73,VAT (3.20%): 23.27 USD,731.32 USD,State Bank of California,Raf CAMP,11011580,SBININBB250
98,Template1_Instance186.jpg,11-Jun-2017,63,+(452)318-3573,shawnarias@example.com,http://hopkins.com/,416.18 USD,(-) 7.57,VAT (3.01%): 12.55 USD,407.92 USD,State Bank of USA,Raf CAMP,16724521,SBININBB250
99,Template1_Instance187.jpg,23-Nov-1996,56,+(754)001-8119,dannygraham@example.com,https://www.copeland.com/,660.34 $,(-) 32.69,VAT (3.55%): 23.47 $,660.76 $,Central Bank of England,Raf CAMP,19098782,SBININBB250
100,Template1_Instance188.jpg,07-Nov-2017,24,+(752)703-1152,melinda78@example.com,http://www.zimmerman-lewis.com/,250.65 $,(-) 3.89,VAT (4.95%): 12.41 $,254.59 $,Central Bank of USA,Raf CAMP,17019132,SBININBB250
101,Template1_Instance189.jpg,07-Aug-2010,25,+(463)893-0347,christina14@example.org,http://www.gomez.com/,131.67 USD,(-) 5.81,VAT (4.72%): 6.22 USD,134.41 USD,Central Bank of Europe,Raf CAMP,16071939,SBININBB250
102,Template1_Instance19.jpg,22-May-2022,63,+(553)734-0642,zjohnson@example.com,https://smith.com/,150.79 $,(-) 7.06,VAT (5.84%): 8.80 $,153.53 $,State Bank of England,Raf CAMP,15655075,SBININBB250
103,Template1_Instance190.jpg,17-Dec-1998,59,+(580)384-7629,bentonkevin@example.org,https://www.williams.net/,818.64 EUR,(-) 21.04,VAT (3.77%): 30.84 EUR,826.48 EUR,Central Bank of England,Raf CAMP,12746348,SBININBB250
104,Template1_Instance191.jpg,12-Dec-2013,17,+(191)722-5149,david07@example.net,http://www.yates.com/,847.10 USD,(-) 8.73,VAT (3.60%): 30.52 USD,851.11 USD,State Bank of California,Raf CAMP,12466566,SBININBB250
105,Template1_Instance192.jpg,14-Sep-2019,87,+(122)584-9292,johnsonchristopher@example.org,https://www.mcconnell.com/,403.93 USD,(-) 13.77,VAT (4.37%): 17.66 USD,408.91 USD,Central Bank of California,Raf CAMP,13263511,SBININBB250
106,Template1_Instance193.jpg,29-Jul-2014,64,+(110)741-3335,wuanthony@example.net,https://www.young.com/,687.90 EUR,(-) 16.03,VAT (4.35%): 29.94 EUR,704.36 EUR,Central Bank of California,Raf CAMP,16126119,SBININBB250
107,Template1_Instance194.jpg,06-Nov-1996,85,+(292)730-6252,qcole@example.net,https://www.villa-thornton.com/,617.28 EUR,(-) 15.49,VAT (3.76%): 23.19 EUR,613.25 EUR,State Bank of USA,Raf CAMP,12064533,SBININBB250
108,Template1_Instance195.jpg,04-May-2019,30,+(348)969-9998,amandasmith@example.org,https://hunt-garza.com/,855.79 $,(-) 9.67,VAT (3.41%): 29.15 $,868.42 $,State Bank of Europe,Raf CAMP,12645431,SBININBB250
109,Template1_Instance196.jpg,16-May-2008,87,+(447)970-6825,acollins@example.net,https://adkins.com/,360.36 USD,(-) 11.96,VAT (4.44%): 16.01 USD,368.73 USD,Central Bank of England,Raf CAMP,13086426,SBININBB250
110,Template1_Instance197.jpg,21-Dec-2014,99,+(651)236-6819,raymondtaylor@example.com,https://carpenter.biz/,473.53 USD,(-) 6.16,VAT (5.39%): 25.51 USD,493.97 USD,Central Bank of England,Raf CAMP,15706965,SBININBB250
111,Template1_Instance198.jpg,12-Jun-1993,15,+(674)951-6593,jennifercruz@example.com,https://www.hughes-villarreal.com/,670.27 $,(-) 7.71,VAT (5.06%): 33.94 $,684.84 $,State Bank of California,Raf CAMP,15846767,SBININBB250
112,Template1_Instance199.jpg,25-Sep-1998,57,+(507)364-8087,walkersusan@example.net,https://cline.com/,1069.48 $,(-) 46.84,VAT (5.43%): 58.13 $,1092.74 $,State Bank of California,Raf CAMP,19233856,SBININBB250
113,Template1_Instance2.jpg,19-Jul-2001,46,+(081)577-2718,davidherrera@example.org,https://young-robinson.com/,106.84 EUR,(-) 3.4,VAT (3.25%): 3.47 EUR,107.48 EUR,Central Bank of England,Raf CAMP,12308351,SBININBB250
114,Template1_Instance20.jpg,17-Jun-2017,65,+(907)929-8719,hammondholly@example.com,https://robertson.com/,1037.57 USD,(-) 33.41,VAT (6.17%): 63.99 USD,1071.89 USD,State Bank of USA,Raf CAMP,11539956,SBININBB250
115,Template1_Instance21.jpg,11-Mar-2009,74,+(409)452-2450,theresacook@example.com,http://www.miller.com/,721.05 USD,(-) 31.37,VAT (5.19%): 37.43 USD,728.05 USD,Central Bank of Texas,Raf CAMP,15737646,SBININBB250
116,Template1_Instance22.jpg,07-Dec-2018,92,+(189)984-0819,oevans@example.com,https://mason.info/,916.41 USD,(-) 9.53,VAT (6.03%): 55.28 USD,931.09 USD,State Bank of Texas,Raf CAMP,12438592,SBININBB250
117,Template1_Instance23.jpg,22-Nov-2001,82,+(403)747-6395,tatkins@example.org,https://www.price-paul.net/,903.29 $,(-) 30.53,VAT (5.14%): 46.42 $,921.80 $,State Bank of Texas,Raf CAMP,11975800,SBININBB250
118,Template1_Instance24.jpg,31-Jul-2000,33,+(122)911-9920,wrobinson@example.com,http://www.stephenson-murphy.info/,735.75 USD,(-) 10.23,VAT (5.80%): 42.69 USD,749.16 USD,State Bank of Europe,Raf CAMP,15818589,SBININBB250
119,Template1_Instance25.jpg,19-Apr-2018,86,+(075)927-7182,vwaters@example.org,https://www.barber.com/,1303.60 $,(-) 36.89,VAT (5.42%): 70.71 $,1355.93 $,Central Bank of Europe,Raf CAMP,19543799,SBININBB250
120,Template1_Instance26.jpg,16-May-1998,70,+(108)103-7332,perezdorothy@example.net,http://www.hicks.com/,345.04 USD,(-) 4.93,VAT (4.94%): 17.05 USD,353.64 USD,Central Bank of England,Raf CAMP,11663131,SBININBB250
121,Template1_Instance27.jpg,17-Jan-2008,59,+(057)950-6990,beardelizabeth@example.com,http://www.morgan-gutierrez.com/,523.72 $,(-) 19.74,VAT (4.68%): 24.50 $,540.78 $,State Bank of England,Raf CAMP,12985778,SBININBB250
122,Template1_Instance28.jpg,19-Feb-2011,16,+(016)311-1790,annpierce@example.org,https://pitts.info/,279.64 $,(-) 7.97,VAT (4.27%): 11.94 $,284.39 $,State Bank of USA,Raf CAMP,19651510,SBININBB250
123,Template1_Instance29.jpg,28-Mar-2013,28,+(123)658-1871,stanleyrichard@example.net,http://www.elliott-gregory.net/,486.09 $,(-) 16.24,VAT (5.72%): 27.80 $,494.84 $,Central Bank of Texas,Raf CAMP,14107272,SBININBB250
124,Template1_Instance3.jpg,30-Sep-2004,91,+(871)109-5778,markgomez@example.com,https://melendez.biz/,516.46 USD,(-) 17.66,VAT (6.71%): 34.66 USD,529.33 USD,Central Bank of USA,Raf CAMP,11158150,SBININBB250
125,Template1_Instance30.jpg,10-Jun-1996,88,+(895)007-2714,kroach@example.org,http://gonzalez-green.org/,1313.64 USD,(-) 26.8,VAT (5.34%): 70.15 USD,1355.28 USD,Central Bank of Texas,Raf CAMP,16860811,SBININBB250
126,Template1_Instance31.jpg,11-Dec-2018,65,+(792)841-5279,ruizrobert@example.org,http://le-ayala.org/,1617.22 $,(-) 72.29,VAT (5.61%): 90.70 $,1686.90 $,Central Bank of California,Raf CAMP,12402081,SBININBB250
127,Template1_Instance32.jpg,16-Jan-2022,64,+(770)987-5082,rschaefer@example.org,http://www.white.net/,378.29 USD,(-) 5.14,VAT (6.07%): 22.95 USD,391.86 USD,State Bank of England,Raf CAMP,13368910,SBININBB250
128,Template1_Instance33.jpg,31-May-1994,78,+(471)843-7892,denglish@example.com,https://www.keith-bailey.com/,1145.70 $,(-) 17.53,VAT (3.48%): 39.91 $,1129.93 $,Central Bank of Europe,Raf CAMP,19656676,SBININBB250
129,Template1_Instance34.jpg,04-Oct-1996,36,+(093)787-2495,williamstheresa@example.org,http://carpenter.com/,523.96 USD,(-) 10.69,VAT (3.77%): 19.75 USD,535.80 USD,State Bank of Europe,Raf CAMP,14427096,SBININBB250
130,Template1_Instance35.jpg,08-Mar-1998,99,+(113)080-1681,bryantsarah@example.org,http://www.goodman.com/,922.85 USD,(-) 38.21,VAT (5.82%): 53.75 USD,935.35 USD,Central Bank of USA,Raf CAMP,15970502,SBININBB250
131,Template1_Instance36.jpg,12-Jan-2007,42,+(090)002-4667,tiffany49@example.org,https://fisher-armstrong.net/,630.54 USD,(-) 17.78,VAT (4.99%): 31.45 USD,635.70 USD,State Bank of England,Raf CAMP,13153079,SBININBB250
132,Template1_Instance37.jpg,23-Feb-2015,15,+(248)349-9542,zachary31@example.net,https://sanders.org/,97.88 $,(-) 4.72,VAT (3.80%): 3.72 $,100.16 $,Central Bank of Europe,Raf CAMP,18169866,SBININBB250
133,Template1_Instance38.jpg,02-Nov-2011,15,+(778)285-6124,antonio01@example.org,https://www.hall-wise.com/,38.45 $,(-) 0.89,VAT (6.48%): 2.49 $,39.99 $,Central Bank of California,Raf CAMP,13513833,SBININBB250
134,Template1_Instance39.jpg,12-Nov-2012,71,+(906)008-6420,sharonthomas@example.com,http://www.doyle-myers.net/,309.48 EUR,(-) 10.09,VAT (6.31%): 19.53 EUR,316.48 EUR,Central Bank of Europe,Raf CAMP,10000014,SBININBB250
135,Template1_Instance4.jpg,01-Feb-2016,10,+(590)113-5475,thompsonlindsey@example.com,http://www.kennedy.com/,384.37 $,(-) 13.18,VAT (4.85%): 18.63 $,384.59 $,State Bank of USA,Raf CAMP,14010805,SBININBB250
136,Template1_Instance40.jpg,05-Sep-1995,20,+(496)894-6592,colin87@example.org,https://www.miller.org/,747.09 $,(-) 17.93,VAT (5.04%): 37.62 $,767.53 $,Central Bank of Europe,Raf CAMP,12373947,SBININBB250
137,Template1_Instance41.jpg,09-Mar-2000,49,+(728)192-7518,tyleralexander@example.net,https://www.yoder.info/,634.29 EUR,(-) 12.11,VAT (3.23%): 20.48 EUR,624.70 EUR,State Bank of Texas,Raf CAMP,11870590,SBININBB250
138,Template1_Instance42.jpg,13-Sep-2017,42,+(663)969-3983,tony39@example.net,https://www.stevens.com/,874.91 $,(-) 22.4,VAT (6.71%): 58.67 $,891.06 $,Central Bank of Texas,Raf CAMP,10082929,SBININBB250
139,Template1_Instance43.jpg,17-May-1997,29,+(413)413-7574,davidyoung@example.org,http://lindsey-aguilar.com/,1218.52 $,(-) 33.63,VAT (6.52%): 79.50 $,1268.41 $,State Bank of Texas,Raf CAMP,13871018,SBININBB250
140,Template1_Instance44.jpg,30-Sep-2003,47,+(286)221-2531,kristen87@example.com,https://www.smith.net/,316.52 $,(-) 6.81,VAT (3.51%): 11.12 $,314.79 $,Central Bank of California,Raf CAMP,16472398,SBININBB250
141,Template1_Instance45.jpg,04-Dec-1995,04,+(625)900-3254,tammy58@example.net,https://arias.com/,260.88 USD,(-) 6.55,VAT (4.12%): 10.74 USD,258.76 USD,State Bank of USA,Raf CAMP,13695274,SBININBB250
142,Template1_Instance46.jpg,31-Aug-2008,83,+(213)253-3186,medinajoseph@example.org,https://robinson.net/,1122.19 USD,(-) 50.72,VAT (4.55%): 51.00 USD,1123.70 USD,Central Bank of Texas,Raf CAMP,12028908,SBININBB250
143,Template1_Instance47.jpg,11-Aug-2003,66,+(570)972-0037,gjensen@example.net,https://www.cameron.com/,530.17 $,(-) 11.03,VAT (5.84%): 30.97 $,538.66 $,State Bank of Europe,Raf CAMP,18633147,SBININBB250
144,Template1_Instance48.jpg,18-Nov-2020,60,+(925)539-5362,murphykevin@example.net,https://strickland.com/,850.27 EUR,(-) 32.48,VAT (3.67%): 31.22 EUR,857.43 EUR,Central Bank of Texas,Raf CAMP,12621431,SBININBB250
145,Template1_Instance49.jpg,06-Apr-1998,98,+(350)705-4369,courtney93@example.org,http://www.davis.com/,645.44 EUR,(-) 11.94,VAT (6.82%): 44.03 EUR,669.07 EUR,Central Bank of Europe,Raf CAMP,17149517,SBININBB250
146,Template1_Instance5.jpg,17-Sep-2000,26,+(762)992-7237,pauloneill@example.com,http://francis.com/,599.15 $,(-) 20.61,VAT (4.98%): 29.85 $,608.33 $,State Bank of California,Raf CAMP,17881536,SBININBB250
147,Template1_Instance50.jpg,29-Apr-2002,56,+(948)970-8449,pdavis@example.com,http://nguyen.biz/,1462.77 EUR,(-) 71.97,VAT (4.90%): 71.69 EUR,1481.07 EUR,State Bank of USA,Raf CAMP,13457705,SBININBB250
148,Template1_Instance51.jpg,16-Oct-2020,38,+(923)977-0436,kristine83@example.com,http://miller-johnson.com/,423.05 USD,(-) 8.84,VAT (6.60%): 27.91 USD,434.25 USD,Central Bank of California,Raf CAMP,17287087,SBININBB250
149,Template1_Instance52.jpg,10-Dec-2001,12,+(604)488-5264,iancaldwell@example.org,https://www.kim.com/,347.83 $,(-) 11.13,VAT (6.39%): 22.22 $,358.57 $,Central Bank of Texas,Raf CAMP,16297672,SBININBB250
150,Template1_Instance53.jpg,27-Nov-2017,59,+(182)486-3311,tonyrubio@example.org,https://guzman.com/,745.88 EUR,(-) 21.93,VAT (6.51%): 48.55 EUR,778.99 EUR,Central Bank of USA,Raf CAMP,12455701,SBININBB250
151,Template1_Instance54.jpg,26-Nov-2014,34,+(084)931-9306,leslierice@example.net,https://wright.com/,319.73 EUR,(-) 7.26,VAT (4.70%): 15.02 EUR,324.84 EUR,Central Bank of Europe,Raf CAMP,13752864,SBININBB250
152,Template1_Instance55.jpg,23-Sep-2002,81,+(871)788-1911,ybarnett@example.com,http://www.sanders.com/,101.66 $,(-) 2.86,VAT (6.81%): 6.92 $,104.38 $,Central Bank of USA,Raf CAMP,17462746,SBININBB250
153,Template1_Instance56.jpg,12-Jul-1994,82,+(607)136-6095,danielconley@example.org,https://moore-clay.info/,460.50 EUR,(-) 14.23,VAT (4.23%): 19.48 EUR,468.28 EUR,State Bank of England,Raf CAMP,11644834,SBININBB250
154,Template1_Instance57.jpg,03-Jul-2012,76,+(735)520-6097,sboyd@example.net,https://www.vasquez-jimenez.biz/,435.69 USD,(-) 21.65,VAT (4.95%): 21.55 USD,443.30 USD,State Bank of Europe,Raf CAMP,15712023,SBININBB250
155,Template1_Instance58.jpg,24-Jul-2004,93,+(365)243-7347,franklin29@example.net,http://peterson.net/,295.59 $,(-) 7.27,VAT (3.61%): 10.66 $,294.90 $,Central Bank of USA,Raf CAMP,15225581,SBININBB250
156,Template1_Instance59.jpg,07-Feb-2022,36,+(485)494-5452,hunteramanda@example.org,http://www.lane-day.biz/,750.61 USD,(-) 15.91,VAT (5.23%): 39.26 USD,767.95 USD,State Bank of England,Raf CAMP,19924303,SBININBB250
157,Template1_Instance6.jpg,29-Nov-2007,27,+(124)182-1796,rickgould@example.org,http://www.jones.org/,612.99 EUR,(-) 29.3,VAT (3.74%): 22.93 EUR,610.54 EUR,Central Bank of Texas,Raf CAMP,10790583,SBININBB250
158,Template1_Instance60.jpg,12-Aug-1997,27,+(974)292-0789,tinaowens@example.com,https://rodriguez.com/,412.60 USD,(-) 19.64,VAT (6.92%): 28.54 USD,431.11 USD,Central Bank of California,Raf CAMP,14299657,SBININBB250
159,Template1_Instance61.jpg,16-May-1997,48,+(191)372-2221,laurentaylor@example.net,https://www.patterson.com/,593.76 USD,(-) 22.09,VAT (5.72%): 33.97 USD,606.06 USD,State Bank of Texas,Raf CAMP,11945727,SBININBB250
160,Template1_Instance62.jpg,23-Aug-2011,56,+(545)703-2959,wmalone@example.net,https://www.young.net/,746.07 EUR,(-) 21.26,VAT (6.64%): 49.51 EUR,767.53 EUR,State Bank of USA,Raf CAMP,19490895,SBININBB250
161,Template1_Instance63.jpg,15-Mar-2008,44,+(611)525-3318,rickynelson@example.org,http://www.whitaker-hicks.com/,332.76 EUR,(-) 11.18,VAT (5.70%): 18.96 EUR,343.20 EUR,Central Bank of England,Raf CAMP,18877627,SBININBB250
162,Template1_Instance64.jpg,08-Jul-2012,14,+(216)481-9780,youngryan@example.com,http://www.carroll-johnson.com/,1300.67 EUR,(-) 35.64,VAT (5.52%): 71.81 EUR,1327.22 EUR,State Bank of England,Raf CAMP,11573795,SBININBB250
163,Template1_Instance65.jpg,22-Jun-2010,76,+(650)490-8692,evanhodge@example.org,https://www.graham.net/,917.40 USD,(-) 36.33,VAT (3.88%): 35.57 USD,932.51 USD,State Bank of Europe,Raf CAMP,18388972,SBININBB250
164,Template1_Instance66.jpg,26-Jun-2008,51,+(309)527-4268,andrea84@example.net,http://huerta-forbes.com/,416.63 $,(-) 14.71,VAT (5.11%): 21.27 $,418.78 $,State Bank of Texas,Raf CAMP,16712661,SBININBB250
165,Template1_Instance67.jpg,25-Jun-1994,29,+(080)425-4670,mserrano@example.org,https://castillo.com/,370.23 EUR,(-) 8.07,VAT (3.87%): 14.32 EUR,368.30 EUR,Central Bank of Texas,Raf CAMP,17236168,SBININBB250
166,Template1_Instance68.jpg,13-May-2006,74,+(105)309-9128,pattonomar@example.org,http://randall-valenzuela.com/,630.82 USD,(-) 30.53,VAT (6.79%): 42.84 USD,644.20 USD,Central Bank of California,Raf CAMP,11252107,SBININBB250
167,Template1_Instance69.jpg,06-Jun-2012,45,+(929)281-2947,mpollard@example.org,https://williams-davis.com/,406.28 EUR,(-) 19.54,VAT (6.85%): 27.81 EUR,418.61 EUR,Central Bank of England,Raf CAMP,18554357,SBININBB250
168,Template1_Instance7.jpg,31-Jan-1995,13,+(561)861-5340,paulkerri@example.net,http://stevens.com/,1074.24 $,(-) 11.28,VAT (4.51%): 48.40 $,1077.74 $,State Bank of England,Raf CAMP,19760786,SBININBB250
169,Template1_Instance70.jpg,03-Oct-2022,31,+(168)382-4427,makayla89@example.com,http://www.johnson.com/,481.55 USD,(-) 18.25,VAT (4.79%): 23.05 USD,491.07 USD,State Bank of Europe,Raf CAMP,18837690,SBININBB250
170,Template1_Instance71.jpg,23-Mar-2017,52,+(780)514-6092,savannahle@example.org,http://ruiz-may.org/,356.53 USD,(-) 4.49,VAT (4.18%): 14.92 USD,354.55 USD,State Bank of USA,Raf CAMP,13447364,SBININBB250
171,Template1_Instance72.jpg,29-Dec-2016,72,+(241)865-1231,madison15@example.net,http://andrews-thompson.info/,400.38 USD,(-) 16.26,VAT (6.69%): 26.78 USD,413.55 USD,State Bank of Texas,Raf CAMP,10182621,SBININBB250
172,Template1_Instance73.jpg,15-Sep-2005,23,+(934)296-8657,thomas67@example.net,http://gould.biz/,862.49 EUR,(-) 20.27,VAT (5.57%): 48.07 EUR,889.00 EUR,State Bank of California,Raf CAMP,15593009,SBININBB250
173,Template1_Instance74.jpg,20-Mar-2008,09,+(540)930-2719,randy60@example.org,https://www.blake-robertson.org/,1179.24 EUR,(-) 40.68,VAT (4.09%): 48.25 EUR,1213.81 EUR,Central Bank of Texas,Raf CAMP,16876125,SBININBB250
174,Template1_Instance75.jpg,01-Apr-2008,13,+(113)002-2589,gbrennan@example.net,http://www.rodriguez.com/,420.76 $,(-) 20.83,VAT (6.51%): 27.39 $,437.00 $,Central Bank of Europe,Raf CAMP,16900759,SBININBB250
175,Template1_Instance76.jpg,13-Nov-2021,16,+(551)359-7959,mercadoamber@example.org,https://www.grant.com/,391.05 USD,(-) 16.19,VAT (4.22%): 16.48 USD,403.03 USD,Central Bank of Europe,Raf CAMP,14829950,SBININBB250
176,Template1_Instance77.jpg,03-Nov-2005,33,+(262)816-0692,garciatimothy@example.org,http://morgan-west.com/,308.29 EUR,(-) 11.28,VAT (5.16%): 15.89 EUR,310.52 EUR,State Bank of California,Raf CAMP,15898649,SBININBB250
177,Template1_Instance78.jpg,09-Dec-2010,74,+(342)004-1903,christine30@example.org,http://www.yu.com/,1298.25 EUR,(-) 54.79,VAT (3.67%): 47.67 EUR,1296.85 EUR,Central Bank of Texas,Raf CAMP,18947913,SBININBB250
178,Template1_Instance79.jpg,19-Jan-2012,69,+(466)051-5235,guy19@example.com,http://www.macias-potter.com/,1140.70 EUR,(-) 43.35,VAT (4.51%): 51.42 EUR,1170.45 EUR,State Bank of USA,Raf CAMP,11835110,SBININBB250
179,Template1_Instance8.jpg,16-Apr-2007,40,+(769)860-2976,perrydonna@example.net,http://www.curtis.com/,575.66 EUR,(-) 22.91,VAT (3.03%): 17.44 EUR,581.47 EUR,State Bank of California,Raf CAMP,15256903,SBININBB250
180,Template1_Instance80.jpg,06-Apr-1997,14,+(480)432-3346,bradley41@example.org,http://adams.org/,1167.76 EUR,(-) 37.49,VAT (3.20%): 37.38 EUR,1178.87 EUR,Central Bank of Europe,Raf CAMP,13498737,SBININBB250
181,Template1_Instance81.jpg,16-Oct-1998,65,+(458)167-7951,jparrish@example.com,https://johnson.com/,739.26 $,(-) 24.25,VAT (4.39%): 32.45 $,754.12 $,Central Bank of USA,Raf CAMP,11460054,SBININBB250
182,Template1_Instance82.jpg,09-Jun-2006,12,+(055)531-8842,thomasfigueroa@example.org,https://hubbard.net/,460.41 USD,(-) 10.13,VAT (4.78%): 22.03 USD,470.42 USD,State Bank of California,Raf CAMP,13890915,SBININBB250
183,Template1_Instance83.jpg,29-Apr-2000,71,+(626)525-0139,gloriafry@example.org,https://www.wilkerson.com/,295.73 $,(-) 8.46,VAT (3.05%): 9.03 $,298.82 $,Central Bank of Europe,Raf CAMP,12718310,SBININBB250
184,Template1_Instance84.jpg,13-Jul-2001,35,+(388)083-1853,kbauer@example.org,http://turner-flores.com/,587.78 EUR,(-) 23.45,VAT (3.40%): 19.97 EUR,583.00 EUR,Central Bank of Europe,Raf CAMP,12685663,SBININBB250
185,Template1_Instance85.jpg,15-Aug-2001,18,+(243)864-6770,sleblanc@example.net,http://porter.com/,431.45 USD,(-) 8.46,VAT (4.02%): 17.35 USD,442.41 USD,Central Bank of Texas,Raf CAMP,10554122,SBININBB250
186,Template1_Instance86.jpg,14-Aug-1993,74,+(058)085-3855,clarklauren@example.net,http://harrison.net/,430.20 $,(-) 21.17,VAT (6.83%): 29.39 $,448.62 $,State Bank of Texas,Raf CAMP,17919854,SBININBB250
187,Template1_Instance87.jpg,02-Dec-1998,08,+(716)413-8969,tiffanymcdonald@example.org,https://nguyen-jones.com/,531.36 EUR,(-) 24.71,VAT (3.93%): 20.89 EUR,535.46 EUR,Central Bank of California,Raf CAMP,17606315,SBININBB250
188,Template1_Instance88.jpg,06-Sep-2006,19,+(632)371-3173,graybobby@example.org,http://koch.com/,824.45 USD,(-) 23.74,VAT (3.42%): 28.24 USD,843.87 USD,State Bank of Europe,Raf CAMP,12967174,SBININBB250
189,Template1_Instance89.jpg,21-Jun-2008,12,+(316)263-8604,elizabethrobinson@example.net,https://johnson.biz/,289.00 $,(-) 10.9,VAT (3.02%): 8.74 $,291.44 $,State Bank of USA,Raf CAMP,11978676,SBININBB250
190,Template1_Instance9.jpg,16-Oct-2005,75,+(783)572-8210,bryce74@example.org,http://gill.com/,445.25 $,(-) 12.78,VAT (3.73%): 16.61 $,441.11 $,State Bank of England,Raf CAMP,13043063,SBININBB250
191,Template1_Instance90.jpg,15-Mar-1998,99,+(153)688-1347,janetgarrison@example.net,http://giles-juarez.com/,858.86 EUR,(-) 12.54,VAT (4.24%): 36.45 EUR,873.58 EUR,State Bank of USA,Raf CAMP,13515559,SBININBB250
192,Template1_Instance91.jpg,24-Nov-2006,94,+(623)828-4753,garciajesus@example.net,http://www.yu.com/,1190.68 EUR,(-) 25.48,VAT (3.61%): 42.93 EUR,1201.22 EUR,Central Bank of USA,Raf CAMP,18569841,SBININBB250
193,Template1_Instance92.jpg,01-Sep-1995,77,+(987)727-0142,stevenpace@example.net,https://carr.biz/,273.23 USD,(-) 6.48,VAT (3.85%): 10.53 USD,277.91 USD,Central Bank of USA,Raf CAMP,15115313,SBININBB250
194,Template1_Instance93.jpg,20-Jun-2010,23,+(769)768-9939,kenneth45@example.net,https://ho.com/,550.49 EUR,(-) 25.32,VAT (7.00%): 38.52 EUR,566.61 EUR,Central Bank of USA,Raf CAMP,18890652,SBININBB250
195,Template1_Instance94.jpg,30-Jun-2010,27,+(871)351-1726,barrsummer@example.org,http://www.phillips.org/,373.18 $,(-) 5.34,VAT (3.16%): 11.79 $,380.45 $,State Bank of Texas,Raf CAMP,10891658,SBININBB250
196,Template1_Instance95.jpg,10-Feb-2005,66,+(989)859-0993,zmarquez@example.org,https://www.gutierrez-christensen.biz/,211.65 $,(-) 3.7,VAT (5.81%): 12.29 $,221.61 $,State Bank of England,Raf CAMP,19160191,SBININBB250
197,Template1_Instance96.jpg,30-Oct-2014,65,+(198)054-7074,jeremymarsh@example.net,https://www.brown.com/,259.55 $,(-) 10.07,VAT (4.10%): 10.64 $,266.95 $,State Bank of England,Raf CAMP,10681922,SBININBB250
198,Template1_Instance97.jpg,15-Jul-2006,93,+(469)076-2971,thorntonmary@example.com,https://www.rivera-rodriguez.org/,782.34 EUR,(-) 11.74,VAT (6.99%): 54.69 EUR,819.74 EUR,State Bank of Europe,Raf CAMP,13298863,SBININBB250
199,Template1_Instance98.jpg,13-Aug-2003,73,+(342)876-5842,theodorerowe@example.com,http://mitchell.org/,667.54 USD,(-) 8.01,VAT (4.46%): 29.75 USD,666.38 USD,State Bank of USA,Raf CAMP,16182292,SBININBB250
200,Template1_Instance99.jpg,06-Dec-2000,16,+(245)624-3355,frances69@example.org,http://shaffer.com/,653.60 EUR,(-) 26.34,VAT (3.49%): 22.81 EUR,654.51 EUR,State Bank of USA,Raf CAMP,15394547,SBININBB250
